# Temperatura celda = 27.9ยบ, Temperatura Laser = 23.926ยบ, Frecuencia Rampa = 79.13 Hz, Amplitud = 76 mVpp, Offset = -4.9 mV, Error Mean = 109, Error std = 682, Xscale = 1000 us, Yscale = 1V 
t1 [us]      ,ch1 [V]     ,t2 [us]      ,ch2 [V]
5686.848,    0.035, 5686.848,    0.026
5687.872,    0.031, 5687.872,    0.026
5688.896,    0.033, 5688.896,    0.026
5689.920,    0.032, 5689.920,    0.026
5690.944,    0.035, 5690.944,    0.026
5691.968,    0.033, 5691.968,    0.026
5692.992,    0.032, 5692.992,    0.026
5694.016,    0.030, 5694.016,    0.026
5695.040,    0.028, 5695.040,    0.026
5696.064,    0.033, 5696.064,    0.026
5697.088,    0.035, 5697.088,    0.026
5698.112,    0.035, 5698.112,    0.026
5699.136,    0.033, 5699.136,    0.026
5700.160,    0.031, 5700.160,    0.027
5701.184,    0.033, 5701.184,    0.026
5702.208,    0.027, 5702.208,    0.026
5703.232,    0.036, 5703.232,    0.026
5704.256,    0.033, 5704.256,    0.026
5705.280,    0.034, 5705.280,    0.026
5706.304,    0.033, 5706.304,    0.026
5707.328,    0.029, 5707.328,    0.026
5708.352,    0.030, 5708.352,    0.026
5709.376,    0.035, 5709.376,    0.026
5710.400,    0.032, 5710.400,    0.026
5711.424,    0.026, 5711.424,    0.027
5712.448,    0.033, 5712.448,    0.026
5713.472,    0.032, 5713.472,    0.026
5714.496,    0.029, 5714.496,    0.027
5715.520,    0.032, 5715.520,    0.026
5716.544,    0.033, 5716.544,    0.026
5717.568,    0.031, 5717.568,    0.026
5718.592,    0.033, 5718.592,    0.026
5719.616,    0.031, 5719.616,    0.027
5720.640,    0.034, 5720.640,    0.026
5721.664,    0.030, 5721.664,    0.027
5722.688,    0.031, 5722.688,    0.027
5723.712,    0.033, 5723.712,    0.026
5724.736,    0.029, 5724.736,    0.027
5725.760,    0.027, 5725.760,    0.027
5726.784,    0.035, 5726.784,    0.026
5727.808,    0.031, 5727.808,    0.027
5728.832,    0.033, 5728.832,    0.026
5729.856,    0.031, 5729.856,    0.027
5730.880,    0.031, 5730.880,    0.027
5731.904,    0.035, 5731.904,    0.027
5732.928,    0.030, 5732.928,    0.027
5733.952,    0.034, 5733.952,    0.026
5734.976,    0.027, 5734.976,    0.027
5736.000,    0.036, 5736.000,    0.026
5737.024,    0.031, 5737.024,    0.027
5738.048,    0.030, 5738.048,    0.027
5739.072,    0.032, 5739.072,    0.027
5740.096,    0.034, 5740.096,    0.027
5741.120,    0.030, 5741.120,    0.027
5742.144,    0.033, 5742.144,    0.027
5743.168,    0.031, 5743.168,    0.027
5744.192,    0.032, 5744.192,    0.027
5745.216,    0.030, 5745.216,    0.027
5746.240,    0.033, 5746.240,    0.027
5747.264,    0.031, 5747.264,    0.027
5748.288,    0.031, 5748.288,    0.027
5749.311,    0.030, 5749.311,    0.027
5750.336,    0.027, 5750.336,    0.027
5751.360,    0.027, 5751.360,    0.027
5752.384,    0.030, 5752.384,    0.027
5753.408,    0.030, 5753.408,    0.027
5754.432,    0.029, 5754.432,    0.027
5755.456,    0.034, 5755.456,    0.027
5756.480,    0.029, 5756.480,    0.027
5757.504,    0.029, 5757.504,    0.027
5758.528,    0.030, 5758.528,    0.027
5759.552,    0.029, 5759.552,    0.027
5760.576,    0.033, 5760.576,    0.027
5761.600,    0.030, 5761.600,    0.027
5762.624,    0.028, 5762.624,    0.027
5763.648,    0.032, 5763.648,    0.027
5764.672,    0.029, 5764.672,    0.027
5765.696,    0.027, 5765.696,    0.028
5766.720,    0.030, 5766.720,    0.027
5767.744,    0.030, 5767.744,    0.028
5768.768,    0.028, 5768.768,    0.027
5769.792,    0.027, 5769.792,    0.028
5770.816,    0.024, 5770.816,    0.028
5771.840,    0.031, 5771.840,    0.027
5772.864,    0.027, 5772.864,    0.028
5773.888,    0.025, 5773.888,    0.028
5774.912,    0.027, 5774.912,    0.027
5775.936,    0.030, 5775.936,    0.028
5776.960,    0.029, 5776.960,    0.027
5777.984,    0.028, 5777.984,    0.028
5779.008,    0.023, 5779.008,    0.028
5780.032,    0.023, 5780.032,    0.028
5781.056,    0.023, 5781.056,    0.028
5782.080,    0.026, 5782.080,    0.028
5783.104,    0.023, 5783.104,    0.028
5784.128,    0.026, 5784.128,    0.028
5785.152,    0.022, 5785.152,    0.028
5786.176,    0.025, 5786.176,    0.028
5787.200,    0.021, 5787.200,    0.028
5788.224,    0.023, 5788.224,    0.028
5789.248,    0.019, 5789.248,    0.028
5790.272,    0.017, 5790.272,    0.029
5791.296,    0.022, 5791.296,    0.029
5792.320,    0.018, 5792.320,    0.029
5793.344,    0.016, 5793.344,    0.029
5794.368,    0.020, 5794.368,    0.029
5795.392,    0.015, 5795.392,    0.029
5796.416,    0.012, 5796.416,    0.029
5797.440,    0.011, 5797.440,    0.029
5798.464,    0.003, 5798.464,    0.030
5799.488,    0.011, 5799.488,    0.029
5800.512,    0.003, 5800.512,    0.030
5801.536,    0.002, 5801.536,    0.030
5802.560,   -0.004, 5802.560,    0.031
5803.584,    0.001, 5803.584,    0.031
5804.608,   -0.006, 5804.608,    0.031
5805.632,   -0.006, 5805.632,    0.031
5806.656,   -0.013, 5806.656,    0.032
5807.680,   -0.017, 5807.680,    0.032
5808.704,   -0.015, 5808.704,    0.032
5809.728,   -0.013, 5809.728,    0.032
5810.752,   -0.023, 5810.752,    0.033
5811.776,   -0.022, 5811.776,    0.033
5812.800,   -0.035, 5812.800,    0.034
5813.824,   -0.033, 5813.824,    0.034
5814.848,   -0.041, 5814.848,    0.035
5815.872,   -0.024, 5815.872,    0.033
5816.896,   -0.043, 5816.896,    0.035
5817.920,   -0.040, 5817.920,    0.035
5818.944,   -0.050, 5818.944,    0.036
5819.968,   -0.045, 5819.968,    0.035
5820.992,   -0.059, 5820.992,    0.037
5822.016,   -0.042, 5822.016,    0.035
5823.040,   -0.046, 5823.040,    0.036
5824.064,   -0.035, 5824.064,    0.035
5825.088,   -0.042, 5825.088,    0.035
5826.112,   -0.025, 5826.112,    0.033
5827.136,   -0.005, 5827.136,    0.031
5828.160,   -0.007, 5828.160,    0.032
5829.184,    0.008, 5829.184,    0.030
5830.208,    0.027, 5830.208,    0.028
5831.232,    0.041, 5831.232,    0.027
5832.256,    0.048, 5832.256,    0.027
5833.280,    0.061, 5833.280,    0.025
5834.304,    0.084, 5834.304,    0.023
5835.328,    0.080, 5835.328,    0.024
5836.352,    0.101, 5836.352,    0.021
5837.376,    0.093, 5837.376,    0.022
5838.400,    0.122, 5838.400,    0.019
5839.424,    0.115, 5839.424,    0.020
5840.448,    0.124, 5840.448,    0.019
5841.472,    0.125, 5841.472,    0.019
5842.496,    0.126, 5842.496,    0.019
5843.520,    0.129, 5843.520,    0.019
5844.544,    0.127, 5844.544,    0.019
5845.568,    0.127, 5845.568,    0.019
5846.592,    0.107, 5846.592,    0.021
5847.616,    0.121, 5847.616,    0.020
5848.640,    0.096, 5848.640,    0.022
5849.664,    0.113, 5849.664,    0.020
5850.688,    0.094, 5850.688,    0.022
5851.712,    0.107, 5851.712,    0.021
5852.736,    0.095, 5852.736,    0.022
5853.760,    0.093, 5853.760,    0.022
5854.784,    0.084, 5854.784,    0.023
5855.808,    0.082, 5855.808,    0.024
5856.832,    0.085, 5856.832,    0.023
5857.856,    0.058, 5857.856,    0.025
5858.880,    0.077, 5858.880,    0.024
5859.904,    0.067, 5859.904,    0.025
5860.928,    0.067, 5860.928,    0.025
5861.952,    0.070, 5861.952,    0.025
5862.976,    0.061, 5862.976,    0.026
5864.000,    0.060, 5864.000,    0.026
5865.024,    0.056, 5865.024,    0.026
5866.048,    0.054, 5866.048,    0.026
5867.072,    0.048, 5867.072,    0.027
5868.096,    0.051, 5868.096,    0.027
5869.120,    0.044, 5869.120,    0.027
5870.144,    0.044, 5870.144,    0.027
5871.168,    0.041, 5871.168,    0.028
5872.192,    0.039, 5872.192,    0.028
5873.216,    0.035, 5873.216,    0.029
5874.240,    0.035, 5874.240,    0.028
5875.264,    0.033, 5875.264,    0.029
5876.288,    0.030, 5876.288,    0.029
5877.312,    0.029, 5877.312,    0.029
5878.336,    0.028, 5878.336,    0.029
5879.360,    0.029, 5879.360,    0.029
5880.384,    0.021, 5880.384,    0.030
5881.408,    0.032, 5881.408,    0.029
5882.432,    0.012, 5882.432,    0.030
5883.456,    0.023, 5883.456,    0.029
5884.480,    0.014, 5884.480,    0.031
5885.504,    0.017, 5885.504,    0.030
5886.528,    0.015, 5886.528,    0.030
5887.552,    0.016, 5887.552,    0.030
5888.576,    0.012, 5888.576,    0.031
5889.600,    0.016, 5889.600,    0.030
5890.624,    0.004, 5890.624,    0.032
5891.648,    0.003, 5891.648,    0.032
5892.672,    0.009, 5892.672,    0.031
5893.696,    0.006, 5893.696,    0.031
5894.720,    0.009, 5894.720,    0.031
5895.744,    0.004, 5895.744,    0.032
5896.768,    0.018, 5896.768,    0.030
5897.792,    0.016, 5897.792,    0.030
5898.816,    0.006, 5898.816,    0.031
5899.840,    0.008, 5899.840,    0.031
5900.864,    0.014, 5900.864,    0.030
5901.888,    0.009, 5901.888,    0.031
5902.912,    0.006, 5902.912,    0.031
5903.936,    0.008, 5903.936,    0.031
5904.960,    0.012, 5904.960,    0.031
5905.984,    0.010, 5905.984,    0.031
5907.008,    0.008, 5907.008,    0.032
5908.032,    0.009, 5908.032,    0.031
5909.056,    0.007, 5909.056,    0.032
5910.080,    0.009, 5910.080,    0.031
5911.104,    0.008, 5911.104,    0.032
5912.128,    0.011, 5912.128,    0.031
5913.152,    0.008, 5913.152,    0.032
5914.176,    0.008, 5914.176,    0.032
5915.200,    0.010, 5915.200,    0.031
5916.224,    0.009, 5916.224,    0.031
5917.248,    0.006, 5917.248,    0.032
5918.272,    0.005, 5918.272,    0.032
5919.296,    0.009, 5919.296,    0.032
5920.320,   -0.002, 5920.320,    0.033
5921.344,    0.003, 5921.344,    0.032
5922.368,   -0.001, 5922.368,    0.032
5923.392,   -0.001, 5923.392,    0.033
5924.416,   -0.005, 5924.416,    0.033
5925.440,   -0.006, 5925.440,    0.033
5926.464,   -0.007, 5926.464,    0.033
5927.488,   -0.019, 5927.488,    0.034
5928.512,   -0.014, 5928.512,    0.034
5929.536,   -0.035, 5929.536,    0.036
5930.560,   -0.022, 5930.560,    0.035
5931.584,   -0.029, 5931.584,    0.035
5932.608,   -0.028, 5932.608,    0.035
5933.632,   -0.038, 5933.632,    0.036
5934.656,   -0.037, 5934.656,    0.036
5935.680,   -0.050, 5935.680,    0.037
5936.704,   -0.041, 5936.704,    0.037
5937.728,   -0.088, 5937.728,    0.041
5938.752,   -0.068, 5938.752,    0.039
5939.776,   -0.067, 5939.776,    0.039
5940.800,   -0.085, 5940.800,    0.041
5941.824,   -0.096, 5941.824,    0.042
5942.848,   -0.104, 5942.848,    0.043
5943.872,   -0.123, 5943.872,    0.045
5944.896,   -0.124, 5944.896,    0.044
5945.920,   -0.151, 5945.920,    0.048
5946.944,   -0.160, 5946.944,    0.048
5947.968,   -0.177, 5947.968,    0.050
5948.992,   -0.206, 5948.992,    0.053
5950.016,   -0.231, 5950.016,    0.055
5951.040,   -0.249, 5951.040,    0.057
5952.064,   -0.265, 5952.064,    0.058
5953.088,   -0.295, 5953.088,    0.061
5954.112,   -0.298, 5954.112,    0.062
5955.136,   -0.296, 5955.136,    0.062
5956.160,   -0.281, 5956.160,    0.060
5957.184,   -0.271, 5957.184,    0.059
5958.208,   -0.233, 5958.208,    0.056
5959.232,   -0.201, 5959.232,    0.052
5960.256,   -0.095, 5960.256,    0.043
5961.280,   -0.049, 5961.280,    0.038
5962.304,    0.043, 5962.304,    0.029
5963.328,    0.111, 5963.328,    0.022
5964.352,    0.180, 5964.352,    0.016
5965.376,    0.286, 5965.376,    0.005
5966.400,    0.310, 5966.400,    0.003
5967.424,    0.313, 5967.424,    0.003
5968.448,    0.354, 5968.448,   -0.001
5969.472,    0.372, 5969.472,   -0.003
5970.496,    0.348, 5970.496,   -0.001
5971.520,    0.338, 5971.520,    0.000
5972.544,    0.300, 5972.544,    0.004
5973.568,    0.282, 5973.568,    0.006
5974.592,    0.253, 5974.592,    0.008
5975.616,    0.219, 5975.616,    0.011
5976.640,    0.202, 5976.640,    0.013
5977.664,    0.120, 5977.664,    0.022
5978.688,    0.176, 5978.688,    0.016
5979.712,    0.149, 5979.712,    0.019
5980.736,    0.139, 5980.736,    0.020
5981.760,    0.126, 5981.760,    0.021
5982.784,    0.128, 5982.784,    0.021
5983.808,    0.121, 5983.808,    0.022
5984.832,    0.102, 5984.832,    0.023
5985.856,    0.113, 5985.856,    0.022
5986.880,    0.091, 5986.880,    0.024
5987.904,    0.081, 5987.904,    0.025
5988.928,    0.075, 5988.928,    0.026
5989.952,    0.065, 5989.952,    0.027
5990.976,    0.091, 5990.976,    0.025
5992.000,    0.072, 5992.000,    0.026
5993.024,    0.092, 5993.024,    0.024
5994.048,    0.069, 5994.048,    0.027
5995.072,    0.092, 5995.072,    0.024
5996.096,    0.051, 5996.096,    0.028
5997.120,    0.054, 5997.120,    0.028
5998.144,    0.049, 5998.144,    0.029
5999.168,    0.055, 5999.168,    0.028
6000.192,    0.042, 6000.192,    0.029
6001.216,    0.052, 6001.216,    0.028
6002.240,    0.055, 6002.240,    0.028
6003.264,    0.041, 6003.264,    0.029
6004.288,    0.037, 6004.288,    0.030
6005.312,    0.031, 6005.312,    0.030
6006.336,    0.035, 6006.336,    0.030
6007.360,    0.034, 6007.360,    0.030
6008.384,    0.058, 6008.384,    0.028
6009.408,    0.039, 6009.408,    0.029
6010.432,    0.064, 6010.432,    0.027
6011.456,    0.038, 6011.456,    0.030
6012.480,    0.049, 6012.480,    0.029
6013.504,    0.043, 6013.504,    0.029
6014.528,    0.053, 6014.528,    0.029
6015.552,    0.042, 6015.552,    0.030
6016.576,    0.048, 6016.576,    0.029
6017.600,    0.051, 6017.600,    0.029
6018.623,    0.051, 6018.623,    0.029
6019.648,    0.049, 6019.648,    0.029
6020.672,    0.050, 6020.672,    0.029
6021.696,    0.055, 6021.696,    0.028
6022.720,    0.049, 6022.720,    0.029
6023.744,    0.053, 6023.744,    0.028
6024.768,    0.051, 6024.768,    0.029
6025.792,    0.057, 6025.792,    0.028
6026.816,    0.051, 6026.816,    0.029
6027.840,    0.056, 6027.840,    0.028
6028.864,    0.051, 6028.864,    0.029
6029.888,    0.052, 6029.888,    0.029
6030.912,    0.056, 6030.912,    0.029
6031.936,    0.053, 6031.936,    0.029
6032.960,    0.051, 6032.960,    0.029
6033.984,    0.055, 6033.984,    0.029
6035.008,    0.052, 6035.008,    0.029
6036.032,    0.055, 6036.032,    0.029
6037.056,    0.053, 6037.056,    0.029
6038.080,    0.059, 6038.080,    0.028
6039.104,    0.052, 6039.104,    0.029
6040.128,    0.053, 6040.128,    0.029
6041.152,    0.052, 6041.152,    0.029
6042.176,    0.052, 6042.176,    0.029
6043.200,    0.053, 6043.200,    0.029
6044.224,    0.055, 6044.224,    0.029
6045.248,    0.053, 6045.248,    0.029
6046.272,    0.051, 6046.272,    0.029
6047.296,    0.052, 6047.296,    0.029
6048.320,    0.052, 6048.320,    0.029
6049.344,    0.054, 6049.344,    0.029
6050.368,    0.048, 6050.368,    0.029
6051.392,    0.052, 6051.392,    0.029
6052.416,    0.054, 6052.416,    0.029
6053.440,    0.056, 6053.440,    0.029
6054.464,    0.054, 6054.464,    0.029
6055.488,    0.049, 6055.488,    0.030
6056.512,    0.041, 6056.512,    0.030
6057.536,    0.053, 6057.536,    0.029
6058.560,    0.046, 6058.560,    0.030
6059.584,    0.049, 6059.584,    0.029
6060.608,    0.048, 6060.608,    0.030
6061.632,    0.052, 6061.632,    0.029
6062.656,    0.050, 6062.656,    0.029
6063.680,    0.048, 6063.680,    0.030
6064.704,    0.045, 6064.704,    0.030
6065.728,    0.047, 6065.728,    0.030
6066.752,    0.048, 6066.752,    0.030
6067.776,    0.050, 6067.776,    0.029
6068.800,    0.045, 6068.800,    0.030
6069.824,    0.046, 6069.824,    0.030
6070.848,    0.045, 6070.848,    0.030
6071.872,    0.039, 6071.872,    0.030
6072.896,    0.040, 6072.896,    0.030
6073.920,    0.037, 6073.920,    0.031
6074.944,    0.041, 6074.944,    0.030
6075.968,    0.033, 6075.968,    0.032
6076.992,    0.036, 6076.992,    0.031
6078.016,    0.033, 6078.016,    0.031
6079.040,    0.031, 6079.040,    0.032
6080.064,    0.028, 6080.064,    0.032
6081.088,    0.030, 6081.088,    0.032
6082.112,    0.028, 6082.112,    0.032
6083.136,    0.028, 6083.136,    0.032
6084.160,    0.021, 6084.160,    0.033
6085.184,    0.027, 6085.184,    0.032
6086.208,    0.023, 6086.208,    0.033
6087.232,    0.020, 6087.232,    0.033
6088.256,    0.011, 6088.256,    0.034
6089.280,    0.007, 6089.280,    0.034
6090.304,    0.009, 6090.304,    0.034
6091.328,   -0.009, 6091.328,    0.035
6092.352,    0.011, 6092.352,    0.034
6093.376,   -0.003, 6093.376,    0.035
6094.400,   -0.003, 6094.400,    0.035
6095.424,   -0.011, 6095.424,    0.036
6096.448,   -0.044, 6096.448,    0.039
6097.472,   -0.034, 6097.472,    0.038
6098.496,   -0.042, 6098.496,    0.039
6099.520,   -0.055, 6099.520,    0.040
6100.544,   -0.057, 6100.544,    0.040
6101.568,   -0.067, 6101.568,    0.042
6102.592,   -0.084, 6102.592,    0.043
6103.616,   -0.095, 6103.616,    0.044
6104.640,   -0.100, 6104.640,    0.045
6105.664,   -0.134, 6105.664,    0.048
6106.688,   -0.127, 6106.688,    0.047
6107.712,   -0.158, 6107.712,    0.050
6108.736,   -0.145, 6108.736,    0.049
6109.760,   -0.198, 6109.760,    0.054
6110.784,   -0.185, 6110.784,    0.053
6111.808,   -0.224, 6111.808,    0.057
6112.832,   -0.200, 6112.832,    0.055
6113.856,   -0.236, 6113.856,    0.058
6114.880,   -0.208, 6114.880,    0.055
6115.904,   -0.229, 6115.904,    0.057
6116.928,   -0.189, 6116.928,    0.053
6117.952,   -0.195, 6117.952,    0.054
6118.976,   -0.161, 6118.976,    0.051
6120.000,   -0.117, 6120.000,    0.047
6121.024,   -0.088, 6121.024,    0.043
6122.048,    0.035, 6122.048,    0.032
6123.072,    0.048, 6123.072,    0.031
6124.096,    0.159, 6124.096,    0.020
6125.120,    0.200, 6125.120,    0.016
6126.144,    0.297, 6126.144,    0.007
6127.168,    0.394, 6127.168,   -0.003
6128.192,    0.450, 6128.192,   -0.009
6129.216,    0.545, 6129.216,   -0.018
6130.240,    0.566, 6130.240,   -0.019
6131.264,    0.606, 6131.264,   -0.023
6132.288,    0.625, 6132.288,   -0.025
6133.312,    0.690, 6133.312,   -0.032
6134.336,    0.697, 6134.336,   -0.032
6135.360,    0.688, 6135.360,   -0.032
6136.384,    0.417, 6136.384,   -0.003
6137.408,    0.570, 6137.408,   -0.022
6138.432,    0.687, 6138.432,   -0.031
6139.456,    0.547, 6139.456,   -0.017
6140.480,    0.665, 6140.480,   -0.029
6141.504,    0.565, 6141.504,   -0.019
6142.528,    0.665, 6142.528,   -0.029
6143.552,    0.552, 6143.552,   -0.018
6144.576,    0.643, 6144.576,   -0.027
6145.600,    0.558, 6145.600,   -0.018
6146.623,    0.653, 6146.623,   -0.028
6147.648,    0.615, 6147.648,   -0.024
6148.672,    0.653, 6148.672,   -0.028
6149.696,    0.622, 6149.696,   -0.024
6150.720,    0.514, 6150.720,   -0.014
6151.744,    0.616, 6151.744,   -0.024
6152.768,    0.546, 6152.768,   -0.019
6153.792,    0.598, 6153.792,   -0.023
6154.816,    0.419, 6154.816,   -0.005
6155.840,    0.539, 6155.840,   -0.017
6156.864,    0.394, 6156.864,   -0.002
6157.888,    0.481, 6157.888,   -0.011
6158.912,    0.374, 6158.912,   -0.000
6159.936,    0.399, 6159.936,   -0.003
6160.960,    0.289, 6160.960,    0.008
6161.984,    0.276, 6161.984,    0.009
6163.008,    0.223, 6163.008,    0.014
6164.032,    0.158, 6164.032,    0.020
6165.056,    0.143, 6165.056,    0.022
6166.080,    0.097, 6166.080,    0.026
6167.104,    0.046, 6167.104,    0.031
6168.128,   -0.002, 6168.128,    0.036
6169.152,   -0.025, 6169.152,    0.038
6170.176,   -0.009, 6170.176,    0.037
6171.200,   -0.071, 6171.200,    0.043
6172.224,   -0.030, 6172.224,    0.039
6173.248,   -0.111, 6173.248,    0.046
6174.272,   -0.084, 6174.272,    0.044
6175.296,   -0.121, 6175.296,    0.048
6176.320,   -0.090, 6176.320,    0.044
6177.344,   -0.149, 6177.344,    0.051
6178.368,   -0.100, 6178.368,    0.046
6179.392,   -0.151, 6179.392,    0.051
6180.416,   -0.134, 6180.416,    0.049
6181.440,   -0.147, 6181.440,    0.050
6182.464,   -0.143, 6182.464,    0.050
6183.488,   -0.153, 6183.488,    0.051
6184.512,   -0.139, 6184.512,    0.050
6185.536,   -0.074, 6185.536,    0.044
6186.560,   -0.127, 6186.560,    0.048
6187.584,   -0.028, 6187.584,    0.039
6188.608,   -0.104, 6188.608,    0.046
6189.632,    0.017, 6189.632,    0.035
6190.656,   -0.053, 6190.656,    0.041
6191.680,    0.012, 6191.680,    0.035
6192.704,    0.010, 6192.704,    0.035
6193.728,    0.103, 6193.728,    0.026
6194.752,    0.104, 6194.752,    0.026
6195.776,    0.177, 6195.776,    0.019
6196.800,    0.237, 6196.800,    0.013
6197.824,    0.279, 6197.824,    0.009
6198.848,    0.334, 6198.848,    0.004
6199.872,    0.372, 6199.872,   -0.000
6200.896,    0.408, 6200.896,   -0.004
6201.920,    0.449, 6201.920,   -0.007
6202.944,    0.350, 6202.944,    0.003
6203.968,    0.539, 6203.968,   -0.016
6204.992,    0.452, 6204.992,   -0.007
6206.016,    0.603, 6206.016,   -0.022
6207.040,    0.581, 6207.040,   -0.019
6208.064,    0.606, 6208.064,   -0.023
6209.088,    0.578, 6209.088,   -0.020
6210.112,    0.636, 6210.112,   -0.025
6211.136,    0.587, 6211.136,   -0.020
6212.160,    0.626, 6212.160,   -0.024
6213.184,    0.518, 6213.184,   -0.014
6214.208,    0.643, 6214.208,   -0.026
6215.232,    0.287, 6215.232,    0.009
6216.256,    0.594, 6216.256,   -0.022
6217.280,    0.606, 6217.280,   -0.022
6218.304,    0.463, 6218.304,   -0.010
6219.328,    0.574, 6219.328,   -0.020
6220.352,    0.435, 6220.352,   -0.005
6221.376,    0.540, 6221.376,   -0.016
6222.400,    0.461, 6222.400,   -0.007
6223.424,    0.491, 6223.424,   -0.011
6224.448,    0.465, 6224.448,   -0.008
6225.472,    0.402, 6225.472,   -0.002
6226.496,    0.404, 6226.496,   -0.003
6227.520,    0.373, 6227.520,    0.000
6228.544,    0.340, 6228.544,    0.004
6229.568,    0.305, 6229.568,    0.007
6230.592,    0.268, 6230.592,    0.011
6231.616,    0.207, 6231.616,    0.016
6232.640,    0.184, 6232.640,    0.018
6233.664,    0.148, 6233.664,    0.022
6234.688,    0.107, 6234.688,    0.026
6235.712,    0.108, 6235.712,    0.026
6236.736,    0.083, 6236.736,    0.029
6237.760,    0.059, 6237.760,    0.030
6238.784,   -0.004, 6238.784,    0.037
6239.808,   -0.004, 6239.808,    0.037
6240.832,   -0.052, 6240.832,    0.042
6241.856,   -0.040, 6241.856,    0.041
6242.880,   -0.066, 6242.880,    0.043
6243.904,   -0.065, 6243.904,    0.043
6244.928,   -0.090, 6244.928,    0.046
6245.952,   -0.092, 6245.952,    0.046
6246.976,   -0.090, 6246.976,    0.045
6248.000,   -0.096, 6248.000,    0.046
6249.024,   -0.046, 6249.024,    0.042
6250.048,   -0.096, 6250.048,    0.046
6251.072,    0.002, 6251.072,    0.037
6252.096,   -0.078, 6252.096,    0.045
6253.120,    0.007, 6253.120,    0.036
6254.144,   -0.069, 6254.144,    0.043
6255.168,    0.134, 6255.168,    0.024
6256.192,   -0.009, 6256.192,    0.038
6257.216,    0.057, 6257.216,    0.031
6258.240,    0.033, 6258.240,    0.034
6259.264,    0.108, 6259.264,    0.027
6260.288,    0.128, 6260.288,    0.025
6261.312,    0.159, 6261.312,    0.021
6262.336,    0.178, 6262.336,    0.020
6263.360,    0.249, 6263.360,    0.013
6264.384,    0.281, 6264.384,    0.010
6265.408,    0.328, 6265.408,    0.005
6266.432,    0.308, 6266.432,    0.007
6267.456,    0.426, 6267.456,   -0.004
6268.480,    0.389, 6268.480,   -0.000
6269.504,    0.497, 6269.504,   -0.011
6270.528,    0.453, 6270.528,   -0.006
6271.552,    0.452, 6271.552,   -0.006
6272.576,    0.509, 6272.576,   -0.012
6273.600,    0.564, 6273.600,   -0.018
6274.624,    0.559, 6274.624,   -0.017
6275.648,    0.582, 6275.648,   -0.019
6276.672,    0.573, 6276.672,   -0.018
6277.696,    0.616, 6277.696,   -0.022
6278.720,    0.590, 6278.720,   -0.020
6279.744,    0.633, 6279.744,   -0.024
6280.768,    0.630, 6280.768,   -0.024
6281.792,    0.522, 6281.792,   -0.015
6282.816,    0.622, 6282.816,   -0.023
6283.840,    0.420, 6283.840,   -0.004
6284.864,    0.569, 6284.864,   -0.018
6285.888,    0.471, 6285.888,   -0.008
6286.912,    0.597, 6286.912,   -0.021
6287.936,    0.504, 6287.936,   -0.011
6288.960,    0.532, 6288.960,   -0.015
6289.984,    0.485, 6289.984,   -0.009
6291.008,    0.474, 6291.008,   -0.008
6292.032,    0.450, 6292.032,   -0.006
6293.056,    0.429, 6293.056,   -0.004
6294.080,    0.375, 6294.080,    0.001
6295.104,    0.354, 6295.104,    0.004
6296.128,    0.345, 6296.128,    0.004
6297.152,    0.307, 6297.152,    0.008
6298.176,    0.269, 6298.176,    0.012
6299.200,    0.187, 6299.200,    0.019
6300.224,    0.193, 6300.224,    0.019
6301.248,    0.150, 6301.248,    0.023
6302.272,    0.122, 6302.272,    0.026
6303.296,    0.109, 6303.296,    0.027
6304.320,    0.072, 6304.320,    0.030
6305.344,    0.042, 6305.344,    0.034
6306.368,    0.037, 6306.368,    0.034
6307.392,    0.017, 6307.392,    0.035
6308.416,   -0.017, 6308.416,    0.039
6309.440,   -0.033, 6309.440,    0.041
6310.464,   -0.050, 6310.464,    0.043
6311.488,   -0.055, 6311.488,    0.043
6312.512,   -0.072, 6312.512,    0.045
6313.536,   -0.066, 6313.536,    0.044
6314.560,   -0.029, 6314.560,    0.041
6315.584,   -0.084, 6315.584,    0.046
6316.608,    0.009, 6316.608,    0.037
6317.632,   -0.067, 6317.632,    0.044
6318.656,   -0.011, 6318.656,    0.038
6319.680,   -0.047, 6319.680,    0.042
6320.704,   -0.009, 6320.704,    0.039
6321.727,   -0.011, 6321.727,    0.039
6322.752,    0.035, 6322.752,    0.035
6323.776,    0.036, 6323.776,    0.035
6324.800,    0.066, 6324.800,    0.032
6325.824,    0.080, 6325.824,    0.030
6326.848,    0.113, 6326.848,    0.027
6327.872,    0.168, 6327.872,    0.022
6328.895,    0.213, 6328.895,    0.017
6329.920,    0.238, 6329.920,    0.015
6330.944,    0.296, 6330.944,    0.010
6331.968,    0.268, 6331.968,    0.012
6332.992,    0.395, 6332.992,   -0.001
6334.016,    0.270, 6334.016,    0.011
6335.040,    0.504, 6335.040,   -0.011
6336.064,    0.473, 6336.064,   -0.007
6337.088,    0.522, 6337.088,   -0.013
6338.112,    0.499, 6338.112,   -0.010
6339.136,    0.599, 6339.136,   -0.020
6340.160,    0.496, 6340.160,   -0.009
6341.184,    0.591, 6341.184,   -0.019
6342.208,    0.582, 6342.208,   -0.018
6343.232,    0.625, 6343.232,   -0.023
6344.256,    0.581, 6344.256,   -0.018
6345.280,    0.595, 6345.280,   -0.021
6346.304,    0.605, 6346.304,   -0.021
6347.328,    0.472, 6347.328,   -0.009
6348.352,    0.574, 6348.352,   -0.018
6349.376,    0.476, 6349.376,   -0.007
6350.400,    0.555, 6350.400,   -0.016
6351.424,    0.439, 6351.424,   -0.005
6352.448,    0.537, 6352.448,   -0.014
6353.472,    0.480, 6353.472,   -0.009
6354.496,    0.509, 6354.496,   -0.012
6355.520,    0.467, 6355.520,   -0.007
6356.544,    0.486, 6356.544,   -0.010
6357.568,    0.429, 6357.568,   -0.004
6358.592,    0.419, 6358.592,   -0.003
6359.616,    0.394, 6359.616,   -0.000
6360.640,    0.359, 6360.640,    0.002
6361.664,    0.334, 6361.664,    0.005
6362.688,    0.279, 6362.688,    0.010
6363.712,    0.266, 6363.712,    0.012
6364.736,    0.206, 6364.736,    0.017
6365.760,    0.179, 6365.760,    0.020
6366.784,    0.156, 6366.784,    0.022
6367.808,    0.113, 6367.808,    0.027
6368.832,    0.100, 6368.832,    0.028
6369.856,    0.077, 6369.856,    0.030
6370.880,    0.061, 6370.880,    0.031
6371.904,    0.015, 6371.904,    0.036
6372.928,    0.021, 6372.928,    0.035
6373.952,    0.099, 6373.952,    0.028
6374.976,    0.025, 6374.976,    0.035
6376.000,   -0.040, 6376.000,    0.041
6377.024,   -0.031, 6377.024,    0.041
6378.048,   -0.029, 6378.048,    0.041
6379.072,   -0.059, 6379.072,    0.043
6380.096,    0.004, 6380.096,    0.037
6381.120,   -0.055, 6381.120,    0.042
6382.144,    0.013, 6382.144,    0.036
6383.168,   -0.058, 6383.168,    0.043
6384.192,   -0.021, 6384.192,    0.039
6385.216,   -0.043, 6385.216,    0.041
6386.240,    0.009, 6386.240,    0.036
6387.264,   -0.004, 6387.264,    0.038
6388.288,    0.021, 6388.288,    0.035
6389.312,    0.046, 6389.312,    0.033
6390.336,    0.083, 6390.336,    0.029
6391.360,    0.092, 6391.360,    0.028
6392.384,    0.150, 6392.384,    0.023
6393.408,    0.177, 6393.408,    0.020
6394.432,    0.234, 6394.432,    0.015
6395.456,    0.244, 6395.456,    0.014
6396.480,    0.293, 6396.480,    0.009
6397.504,    0.259, 6397.504,    0.013
6398.528,    0.395, 6398.528,   -0.001
6399.552,    0.381, 6399.552,    0.001
6400.576,    0.429, 6400.576,   -0.004
6401.600,    0.460, 6401.600,   -0.008
6402.624,    0.541, 6402.624,   -0.015
6403.648,    0.499, 6403.648,   -0.011
6404.672,    0.558, 6404.672,   -0.017
6405.696,    0.540, 6405.696,   -0.015
6406.720,    0.579, 6406.720,   -0.019
6407.744,    0.565, 6407.744,   -0.018
6408.768,    0.577, 6408.768,   -0.019
6409.792,    0.545, 6409.792,   -0.015
6410.816,    0.499, 6410.816,   -0.013
6411.840,    0.597, 6411.840,   -0.021
6412.864,    0.439, 6412.864,   -0.006
6413.888,    0.243, 6413.888,    0.012
6414.912,    0.475, 6414.912,   -0.008
6415.936,    0.539, 6415.936,   -0.015
6416.959,    0.504, 6416.959,   -0.012
6417.984,    0.520, 6417.984,   -0.014
6419.008,    0.471, 6419.008,   -0.009
6420.032,    0.469, 6420.032,   -0.009
6421.056,    0.408, 6421.056,   -0.002
6422.080,    0.441, 6422.080,   -0.006
6423.104,    0.389, 6423.104,   -0.001
6424.128,    0.381, 6424.128,   -0.000
6425.152,    0.353, 6425.152,    0.003
6426.176,    0.327, 6426.176,    0.005
6427.200,    0.319, 6427.200,    0.006
6428.224,    0.245, 6428.224,    0.013
6429.248,    0.193, 6429.248,    0.018
6430.272,    0.178, 6430.272,    0.019
6431.296,    0.148, 6431.296,    0.023
6432.320,    0.163, 6432.320,    0.021
6433.344,    0.099, 6433.344,    0.027
6434.368,    0.092, 6434.368,    0.028
6435.392,    0.064, 6435.392,    0.030
6436.416,    0.073, 6436.416,    0.029
6437.440,    0.040, 6437.440,    0.033
6438.464,    0.020, 6438.464,    0.035
6439.488,   -0.025, 6439.488,    0.039
6440.512,   -0.008, 6440.512,    0.037
6441.536,   -0.021, 6441.536,    0.039
6442.560,   -0.037, 6442.560,    0.040
6443.584,    0.005, 6443.584,    0.036
6444.608,   -0.044, 6444.608,    0.041
6445.632,    0.030, 6445.632,    0.034
6446.656,   -0.042, 6446.656,    0.041
6447.680,   -0.004, 6447.680,    0.036
6448.704,   -0.028, 6448.704,    0.039
6449.728,    0.008, 6449.728,    0.036
6450.752,   -0.016, 6450.752,    0.038
6451.776,    0.048, 6451.776,    0.032
6452.800,    0.027, 6452.800,    0.034
6453.824,    0.113, 6453.824,    0.025
6454.848,    0.083, 6454.848,    0.029
6455.872,    0.150, 6455.872,    0.022
6456.895,    0.135, 6456.895,    0.023
6457.920,    0.165, 6457.920,    0.021
6458.944,    0.192, 6458.944,    0.018
6459.968,    0.253, 6459.968,    0.012
6460.992,    0.254, 6460.992,    0.011
6462.016,    0.307, 6462.016,    0.007
6463.040,    0.312, 6463.040,    0.006
6464.064,    0.392, 6464.064,   -0.002
6465.088,    0.364, 6465.088,    0.001
6466.112,    0.432, 6466.112,   -0.006
6467.136,    0.375, 6467.136,   -0.000
6468.160,    0.492, 6468.160,   -0.012
6469.184,    0.476, 6469.184,   -0.010
6470.208,    0.503, 6470.208,   -0.013
6471.232,    0.524, 6471.232,   -0.014
6472.256,    0.538, 6472.256,   -0.016
6473.280,    0.531, 6473.280,   -0.015
6474.304,    0.552, 6474.304,   -0.018
6475.328,    0.546, 6475.328,   -0.017
6476.352,    0.446, 6476.352,   -0.008
6477.376,    0.538, 6477.376,   -0.016
6478.400,    0.356, 6478.400,    0.002
6479.424,    0.532, 6479.424,   -0.015
6480.448,    0.441, 6480.448,   -0.006
6481.472,    0.463, 6481.472,   -0.009
6482.496,    0.426, 6482.496,   -0.005
6483.520,    0.473, 6483.520,   -0.010
6484.544,    0.432, 6484.544,   -0.006
6485.568,    0.409, 6485.568,   -0.004
6486.592,    0.416, 6486.592,   -0.004
6487.616,    0.381, 6487.616,   -0.001
6488.640,    0.335, 6488.640,    0.004
6489.664,    0.296, 6489.664,    0.007
6490.688,    0.290, 6490.688,    0.008
6491.712,    0.276, 6491.712,    0.008
6492.736,    0.256, 6492.736,    0.011
6493.760,    0.194, 6493.760,    0.017
6494.784,    0.196, 6494.784,    0.017
6495.808,    0.174, 6495.808,    0.019
6496.832,    0.113, 6496.832,    0.025
6497.856,    0.118, 6497.856,    0.024
6498.880,    0.087, 6498.880,    0.027
6499.904,    0.097, 6499.904,    0.027
6500.928,    0.050, 6500.928,    0.031
6501.952,    0.076, 6501.952,    0.028
6502.976,    0.018, 6502.976,    0.034
6504.000,   -0.000, 6504.000,    0.036
6505.024,    0.001, 6505.024,    0.036
6506.048,   -0.011, 6506.048,    0.037
6507.072,   -0.002, 6507.072,    0.036
6508.096,   -0.034, 6508.096,    0.039
6509.120,    0.034, 6509.120,    0.033
6510.144,   -0.026, 6510.144,    0.038
6511.168,    0.030, 6511.168,    0.033
6512.192,   -0.028, 6512.192,    0.038
6513.216,    0.012, 6513.216,    0.034
6514.240,    0.008, 6514.240,    0.035
6515.264,    0.041, 6515.264,    0.032
6516.288,    0.030, 6516.288,    0.033
6517.312,    0.070, 6517.312,    0.029
6518.336,    0.049, 6518.336,    0.031
6519.360,    0.095, 6519.360,    0.026
6520.384,    0.099, 6520.384,    0.026
6521.408,    0.120, 6521.408,    0.024
6522.432,    0.177, 6522.432,    0.018
6523.456,    0.218, 6523.456,    0.014
6524.480,    0.229, 6524.480,    0.013
6525.504,    0.252, 6525.504,    0.011
6526.528,    0.267, 6526.528,    0.009
6527.552,    0.337, 6527.552,    0.003
6528.576,    0.348, 6528.576,    0.002
6529.600,    0.408, 6529.600,   -0.004
6530.624,    0.417, 6530.624,   -0.005
6531.648,    0.468, 6531.648,   -0.010
6532.672,    0.297, 6532.672,    0.005
6533.696,    0.508, 6533.696,   -0.014
6534.720,    0.501, 6534.720,   -0.013
6535.744,    0.533, 6535.744,   -0.016
6536.768,    0.523, 6536.768,   -0.015
6537.792,    0.521, 6537.792,   -0.015
6538.816,    0.526, 6538.816,   -0.015
6539.840,    0.441, 6539.840,   -0.009
6540.864,    0.523, 6540.864,   -0.015
6541.888,    0.381, 6541.888,   -0.002
6542.912,    0.520, 6542.912,   -0.015
6543.935,    0.420, 6543.935,   -0.005
6544.960,    0.516, 6544.960,   -0.015
6545.984,    0.443, 6545.984,   -0.008
6547.008,    0.474, 6547.008,   -0.011
6548.032,    0.412, 6548.032,   -0.005
6549.056,    0.392, 6549.056,   -0.003
6550.080,    0.427, 6550.080,   -0.006
6551.104,    0.391, 6551.104,   -0.003
6552.128,    0.358, 6552.128,    0.000
6553.152,    0.339, 6553.152,    0.002
6554.176,    0.312, 6554.176,    0.005
6555.200,    0.268, 6555.200,    0.009
6556.224,    0.259, 6556.224,    0.010
6557.248,    0.205, 6557.248,    0.015
6558.272,    0.217, 6558.272,    0.014
6559.296,    0.179, 6559.296,    0.017
6560.320,    0.131, 6560.320,    0.022
6561.344,    0.159, 6561.344,    0.020
6562.368,    0.100, 6562.368,    0.026
6563.392,    0.096, 6563.392,    0.026
6564.416,    0.073, 6564.416,    0.028
6565.440,    0.061, 6565.440,    0.029
6566.464,    0.034, 6566.464,    0.032
6567.488,    0.006, 6567.488,    0.034
6568.512,    0.003, 6568.512,    0.035
6569.536,   -0.004, 6569.536,    0.035
6570.560,   -0.015, 6570.560,    0.036
6571.584,   -0.033, 6571.584,    0.038
6572.608,    0.085, 6572.608,    0.027
6573.632,   -0.028, 6573.632,    0.037
6574.656,    0.040, 6574.656,    0.031
6575.680,   -0.020, 6575.680,    0.037
6576.704,    0.025, 6576.704,    0.032
6577.728,   -0.024, 6577.728,    0.037
6578.752,    0.023, 6578.752,    0.033
6579.776,    0.006, 6579.776,    0.034
6580.800,    0.041, 6580.800,    0.030
6581.824,    0.030, 6581.824,    0.032
6582.848,    0.063, 6582.848,    0.029
6583.872,    0.073, 6583.872,    0.028
6584.896,    0.127, 6584.896,    0.022
6585.920,    0.127, 6585.920,    0.022
6586.944,    0.153, 6586.944,    0.020
6587.968,    0.170, 6587.968,    0.018
6588.992,    0.221, 6588.992,    0.013
6590.016,    0.249, 6590.016,    0.011
6591.040,    0.277, 6591.040,    0.008
6592.064,    0.268, 6592.064,    0.009
6593.088,    0.359, 6593.088,   -0.000
6594.112,    0.345, 6594.112,    0.001
6595.136,    0.408, 6595.136,   -0.005
6596.160,    0.380, 6596.160,   -0.002
6597.184,    0.452, 6597.184,   -0.010
6598.208,    0.454, 6598.208,   -0.009
6599.232,    0.467, 6599.232,   -0.011
6600.256,    0.471, 6600.256,   -0.011
6601.280,    0.524, 6601.280,   -0.017
6602.304,    0.513, 6602.304,   -0.015
6603.328,    0.517, 6603.328,   -0.017
6604.352,    0.494, 6604.352,   -0.013
6605.376,    0.394, 6605.376,   -0.005
6606.400,    0.516, 6606.400,   -0.016
6607.424,    0.407, 6607.424,   -0.005
6608.448,    0.445, 6608.448,   -0.009
6609.472,    0.452, 6609.472,   -0.009
6610.496,    0.486, 6610.496,   -0.013
6611.520,    0.430, 6611.520,   -0.007
6612.544,    0.241, 6612.544,    0.011
6613.568,    0.447, 6613.568,   -0.009
6614.592,    0.459, 6614.592,   -0.011
6615.616,    0.394, 6615.616,   -0.004
6616.640,    0.405, 6616.640,   -0.005
6617.664,    0.355, 6617.664,   -0.000
6618.688,    0.356, 6618.688,   -0.001
6619.712,    0.294, 6619.712,    0.006
6620.736,    0.297, 6620.736,    0.005
6621.760,    0.273, 6621.760,    0.008
6622.784,    0.215, 6622.784,    0.013
6623.808,    0.222, 6623.808,    0.013
6624.832,    0.181, 6624.832,    0.017
6625.856,    0.174, 6625.856,    0.017
6626.880,    0.135, 6626.880,    0.021
6627.904,    0.115, 6627.904,    0.023
6628.928,    0.105, 6628.928,    0.024
6629.952,    0.057, 6629.952,    0.028
6630.976,    0.077, 6630.976,    0.026
6631.999,    0.053, 6631.999,    0.029
6633.024,    0.027, 6633.024,    0.031
6634.048,   -0.006, 6634.048,    0.034
6635.072,   -0.012, 6635.072,    0.035
6636.096,    0.010, 6636.096,    0.034
6637.120,   -0.010, 6637.120,    0.035
6638.144,    0.044, 6638.144,    0.030
6639.168,   -0.029, 6639.168,    0.037
6640.192,    0.050, 6640.192,    0.029
6641.216,   -0.032, 6641.216,    0.037
6642.240,   -0.005, 6642.240,    0.034
6643.264,    0.033, 6643.264,    0.031
6644.288,    0.013, 6644.288,    0.033
6645.312,    0.002, 6645.312,    0.034
6646.336,    0.007, 6646.336,    0.033
6647.360,    0.026, 6647.360,    0.031
6648.384,    0.050, 6648.384,    0.029
6649.408,    0.050, 6649.408,    0.029
6650.432,    0.079, 6650.432,    0.026
6651.456,    0.118, 6651.456,    0.022
6652.480,    0.175, 6652.480,    0.017
6653.504,    0.179, 6653.504,    0.017
6654.528,    0.185, 6654.528,    0.016
6655.552,    0.220, 6655.552,    0.013
6656.576,    0.253, 6656.576,    0.009
6657.600,    0.277, 6657.600,    0.007
6658.624,    0.312, 6658.624,    0.004
6659.648,    0.330, 6659.648,    0.002
6660.672,    0.384, 6660.672,   -0.004
6661.696,    0.411, 6661.696,   -0.006
6662.720,    0.409, 6662.720,   -0.006
6663.744,    0.429, 6663.744,   -0.008
6664.768,    0.461, 6664.768,   -0.011
6665.792,    0.440, 6665.792,   -0.009
6666.816,    0.427, 6666.816,   -0.009
6667.840,    0.461, 6667.840,   -0.011
6668.864,    0.452, 6668.864,   -0.011
6669.888,    0.516, 6669.888,   -0.017
6670.912,    0.374, 6670.912,   -0.003
6671.935,    0.492, 6671.935,   -0.014
6672.960,    0.404, 6672.960,   -0.005
6673.984,    0.471, 6673.984,   -0.012
6675.008,    0.436, 6675.008,   -0.009
6676.032,    0.462, 6676.032,   -0.011
6677.056,    0.412, 6677.056,   -0.007
6678.080,    0.410, 6678.080,   -0.006
6679.104,    0.339, 6679.104,    0.001
6680.128,    0.388, 6680.128,   -0.004
6681.152,    0.361, 6681.152,   -0.002
6682.176,    0.353, 6682.176,   -0.001
6683.200,    0.333, 6683.200,    0.001
6684.224,    0.305, 6684.224,    0.003
6685.248,    0.261, 6685.248,    0.008
6686.272,    0.194, 6686.272,    0.014
6687.296,    0.223, 6687.296,    0.012
6688.320,    0.182, 6688.320,    0.016
6689.344,    0.141, 6689.344,    0.019
6690.368,    0.145, 6690.368,    0.019
6691.392,    0.128, 6691.392,    0.021
6692.416,    0.105, 6692.416,    0.023
6693.440,    0.062, 6693.440,    0.027
6694.464,    0.056, 6694.464,    0.028
6695.488,    0.036, 6695.488,    0.029
6696.512,    0.010, 6696.512,    0.032
6697.536,   -0.007, 6697.536,    0.034
6698.560,   -0.025, 6698.560,    0.035
6699.584,   -0.026, 6699.584,    0.035
6700.608,   -0.028, 6700.608,    0.036
6701.632,    0.011, 6701.632,    0.033
6702.656,    0.001, 6702.656,    0.033
6703.680,    0.022, 6703.680,    0.031
6704.704,   -0.042, 6704.704,    0.037
6705.728,    0.023, 6705.728,    0.030
6706.752,   -0.024, 6706.752,    0.035
6707.776,   -0.014, 6707.776,    0.034
6708.800,   -0.028, 6708.800,    0.036
6709.824,    0.018, 6709.824,    0.031
6710.848,   -0.001, 6710.848,    0.033
6711.872,    0.035, 6711.872,    0.029
6712.896,    0.021, 6712.896,    0.031
6713.920,    0.065, 6713.920,    0.026
6714.944,    0.093, 6714.944,    0.024
6715.968,    0.102, 6715.968,    0.023
6716.992,    0.133, 6716.992,    0.020
6718.016,    0.187, 6718.016,    0.014
6719.040,    0.190, 6719.040,    0.014
6720.064,    0.230, 6720.064,    0.010
6721.088,    0.229, 6721.088,    0.011
6722.112,    0.303, 6722.112,    0.003
6723.136,    0.316, 6723.136,    0.002
6724.160,    0.342, 6724.160,   -0.001
6725.184,    0.365, 6725.184,   -0.002
6726.208,    0.351, 6726.208,   -0.002
6727.231,    0.411, 6727.231,   -0.007
6728.256,    0.443, 6728.256,   -0.011
6729.280,    0.449, 6729.280,   -0.011
6730.304,    0.471, 6730.304,   -0.013
6731.328,    0.279, 6731.328,    0.004
6732.352,    0.486, 6732.352,   -0.015
6733.376,    0.504, 6733.376,   -0.016
6734.400,    0.401, 6734.400,   -0.007
